Gene,Label,zScore
0,0,3.630958
0,1,1.547901
0,2,-0.604027
0,3,0.486755
0,4,-0.359456
0,5,0.228968
0,6,3.197601
0,7,1.554732
0,8,0.374111
